{"cameraMode":{"drawMode":0,"name":"Shaded","section":"Shading Mode"},"sceneLighting":true,"audioPlay":false,"sceneViewState":{"showFog":true,"showMaterialUpdate":true,"showSkybox":true,"showFlares":true,"showImageEffects":true,"showParticleSystems":true},"in2DMode":false,"pivot":{"x":2.9200797080993654,"y":0.269839882850647,"z":4.215784549713135},"rotation":{"x":0.027119813486933709,"y":-0.07081913203001023,"z":-0.0019226388540118933,"w":-0.9971481561660767},"size":5.928430080413818,"orthographic":false}