{"cameraMode":{"drawMode":0,"name":"Shaded","section":"Shading Mode"},"sceneLighting":true,"audioPlay":false,"sceneViewState":{"showFog":true,"showMaterialUpdate":true,"showSkybox":true,"showFlares":true,"showImageEffects":true,"showParticleSystems":true},"in2DMode":false,"pivot":{"x":-0.050143688917160037,"y":0.008728470653295517,"z":4.494791507720947},"rotation":{"x":0.0031905134674161674,"y":-0.0004025316156912595,"z":0.000002191281055274885,"w":-1.0000241994857789},"size":6.194766998291016,"orthographic":false}