{"cameraMode":{"drawMode":0,"name":"Shaded","section":"Shading Mode"},"sceneLighting":true,"audioPlay":false,"sceneViewState":{"showFog":true,"showMaterialUpdate":true,"showSkybox":true,"showFlares":true,"showImageEffects":true,"showParticleSystems":true},"in2DMode":false,"pivot":{"x":1.5656383037567139,"y":1.7370597124099732,"z":0.08999936282634735},"rotation":{"x":-0.014809454791247845,"y":0.0010973666794598103,"z":-0.000012229729691171087,"w":-0.9999194145202637},"size":1.616084098815918,"orthographic":false}