{"cameraMode":{"drawMode":0,"name":"Shaded","section":"Shading Mode"},"sceneLighting":true,"audioPlay":false,"sceneViewState":{"showFog":true,"showMaterialUpdate":true,"showSkybox":true,"showFlares":true,"showImageEffects":true,"showParticleSystems":true},"in2DMode":false,"pivot":{"x":0.0,"y":0.21000000834465028,"z":-0.050000011920928958},"rotation":{"x":-0.006309595424681902,"y":0.0005969672929495573,"z":-0.0000036835240280197469,"w":-0.9999812245368958},"size":3.1722402572631838,"orthographic":false}