{"cameraMode":{"drawMode":0,"name":"Shaded","section":"Shading Mode"},"sceneLighting":true,"audioPlay":false,"sceneViewState":{"showFog":true,"showMaterialUpdate":true,"showSkybox":true,"showFlares":true,"showImageEffects":true,"showParticleSystems":true},"in2DMode":false,"pivot":{"x":2.8294243812561037,"y":-2.119619131088257,"z":-0.8685636520385742},"rotation":{"x":-0.010493331588804722,"y":-0.24002280831336976,"z":0.00259491172619164,"w":-0.9707098603248596},"size":5.353420257568359,"orthographic":false}