{"cameraMode":{"drawMode":0,"name":"Shaded","section":"Shading Mode"},"sceneLighting":true,"audioPlay":false,"sceneViewState":{"showFog":true,"showMaterialUpdate":true,"showSkybox":true,"showFlares":true,"showImageEffects":true,"showParticleSystems":true},"in2DMode":false,"pivot":{"x":-1.6001602411270142,"y":-1.4651179313659669,"z":-0.6473648548126221},"rotation":{"x":-0.015689924359321595,"y":-0.3586757779121399,"z":0.006030058488249779,"w":-0.933312714099884},"size":0.8246459364891052,"orthographic":false}