{"cameraMode":{"drawMode":0,"name":"Shaded","section":"Shading Mode"},"sceneLighting":true,"audioPlay":false,"sceneViewState":{"showFog":true,"showMaterialUpdate":true,"showSkybox":true,"showFlares":true,"showImageEffects":true,"showParticleSystems":true},"in2DMode":false,"pivot":{"x":2.8294243812561037,"y":-2.119619131088257,"z":-0.8685636520385742},"rotation":{"x":0.018270116299390794,"y":-0.4691169559955597,"z":-0.009707510471343995,"w":-0.8828963041305542},"size":5.353420257568359,"orthographic":false}