{"cameraMode":{"drawMode":0,"name":"Shaded","section":"Shading Mode"},"sceneLighting":true,"audioPlay":false,"sceneViewState":{"showFog":true,"showMaterialUpdate":true,"showSkybox":true,"showFlares":true,"showImageEffects":true,"showParticleSystems":true},"in2DMode":false,"pivot":{"x":0.4733825922012329,"y":0.562330424785614,"z":0.13103501498699189},"rotation":{"x":-0.013808618299663067,"y":-0.011401372030377388,"z":0.00015853896911721677,"w":-0.9998689293861389},"size":2.8160836696624758,"orthographic":false}