{"cameraMode":{"drawMode":0,"name":"Shaded","section":"Shading Mode"},"sceneLighting":true,"audioPlay":false,"sceneViewState":{"showFog":true,"showMaterialUpdate":true,"showSkybox":true,"showFlares":true,"showImageEffects":true,"showParticleSystems":true},"in2DMode":false,"pivot":{"x":0.03583497554063797,"y":-2.418966293334961,"z":-0.5655100345611572},"rotation":{"x":-0.011866362765431404,"y":0.26584115624427798,"z":-0.003272479400038719,"w":-0.9639392495155335},"size":1.8721990585327149,"orthographic":false}