{"cameraMode":{"drawMode":0,"name":"Shaded","section":"Shading Mode"},"sceneLighting":true,"audioPlay":false,"sceneViewState":{"showFog":true,"showMaterialUpdate":true,"showSkybox":true,"showFlares":true,"showImageEffects":true,"showParticleSystems":true},"in2DMode":false,"pivot":{"x":-0.18169808387756349,"y":0.2647188603878021,"z":0.9557507634162903},"rotation":{"x":0.03566904738545418,"y":-0.027881259098649026,"z":-0.000995237147435546,"w":-0.9989756941795349},"size":5.909043788909912,"orthographic":false}