{"cameraMode":{"drawMode":0,"name":"Shaded","section":"Shading Mode"},"sceneLighting":true,"audioPlay":false,"sceneViewState":{"showFog":true,"showMaterialUpdate":true,"showSkybox":true,"showFlares":true,"showImageEffects":true,"showParticleSystems":true},"in2DMode":false,"pivot":{"x":0.3784274756908417,"y":0.20428410172462464,"z":0.0637151449918747},"rotation":{"x":-0.013809491880238057,"y":-0.0024022089783102276,"z":0.00003424504029680975,"w":-0.9999311566352844},"size":4.019802570343018,"orthographic":false}