{"cameraMode":{"drawMode":0,"name":"Shaded","section":"Shading Mode"},"sceneLighting":true,"audioPlay":false,"sceneViewState":{"showFog":true,"showMaterialUpdate":true,"showSkybox":true,"showFlares":true,"showImageEffects":true,"showParticleSystems":true},"in2DMode":false,"pivot":{"x":-2.0372090339660646,"y":-0.3462088704109192,"z":-0.5147426128387451},"rotation":{"x":-0.0023096338845789434,"y":0.010098426602780819,"z":-0.000018385480871074833,"w":-0.9999673366546631},"size":2.7195513248443605,"orthographic":false}