{"cameraMode":{"drawMode":0,"name":"Shaded","section":"Shading Mode"},"sceneLighting":false,"audioPlay":false,"sceneViewState":{"showFog":true,"showMaterialUpdate":true,"showSkybox":false,"showFlares":true,"showImageEffects":true,"showParticleSystems":true},"in2DMode":false,"pivot":{"x":2.0299999713897707,"y":-2.6600000858306886,"z":0.0},"rotation":{"x":-0.017265215516090394,"y":0.07152803242206574,"z":-0.0012318934313952923,"w":-0.9973079562187195},"size":1.016083836555481,"orthographic":false}