{"cameraMode":{"drawMode":0,"name":"Shaded","section":"Shading Mode"},"sceneLighting":true,"audioPlay":false,"sceneViewState":{"showFog":true,"showMaterialUpdate":true,"showSkybox":true,"showFlares":true,"showImageEffects":true,"showParticleSystems":true},"in2DMode":false,"pivot":{"x":-0.5893568992614746,"y":-0.010478757321834565,"z":-0.8568116426467896},"rotation":{"x":-0.015062210150063038,"y":-0.4438001811504364,"z":0.007461077068001032,"w":-0.8959721326828003},"size":3.996546506881714,"orthographic":false}