{"cameraMode":{"drawMode":0,"name":"Shaded","section":"Shading Mode"},"sceneLighting":false,"audioPlay":false,"sceneViewState":{"showFog":true,"showMaterialUpdate":true,"showSkybox":false,"showFlares":true,"showImageEffects":true,"showParticleSystems":true},"in2DMode":false,"pivot":{"x":2.0299999713897707,"y":-2.6600000858306886,"z":0.0},"rotation":{"x":-0.0068096863105893139,"y":0.004098447971045971,"z":-0.000021459436538862064,"w":-0.9999877214431763},"size":1.10450279712677,"orthographic":false}