{"cameraMode":{"drawMode":0,"name":"Shaded","section":"Shading Mode"},"sceneLighting":true,"audioPlay":false,"sceneViewState":{"showFog":true,"showMaterialUpdate":true,"showSkybox":true,"showFlares":true,"showImageEffects":true,"showParticleSystems":true},"in2DMode":false,"pivot":{"x":1.222679853439331,"y":-0.1614818125963211,"z":-0.8591562509536743},"rotation":{"x":-0.007809372153133154,"y":0.006596689112484455,"z":-0.00005122086076880805,"w":-0.9999507665634155},"size":5.291809558868408,"orthographic":false}