{"cameraMode":{"drawMode":0,"name":"Shaded","section":"Shading Mode"},"sceneLighting":true,"audioPlay":false,"sceneViewState":{"showFog":true,"showMaterialUpdate":true,"showSkybox":true,"showFlares":true,"showImageEffects":true,"showParticleSystems":true},"in2DMode":false,"pivot":{"x":1.5504481792449952,"y":0.6087504625320435,"z":0.05653469264507294},"rotation":{"x":-0.011809623800218106,"y":0.0010973982280120254,"z":-0.000008971356692200061,"w":-0.9999594688415527},"size":2.8160839080810549,"orthographic":false}