{"cameraMode":{"drawMode":0,"name":"Shaded","section":"Shading Mode"},"sceneLighting":true,"audioPlay":false,"sceneViewState":{"showFog":true,"showMaterialUpdate":true,"showSkybox":true,"showFlares":true,"showImageEffects":true,"showParticleSystems":true},"in2DMode":false,"pivot":{"x":0.9935000538825989,"y":-0.18758125603199006,"z":-0.024982810020446779},"rotation":{"x":-0.0068096863105893139,"y":0.004098447971045971,"z":-0.000021459436538862064,"w":-0.9999877214431763},"size":3.919551134109497,"orthographic":false}