{"cameraMode":{"drawMode":0,"name":"Shaded","section":"Shading Mode"},"sceneLighting":false,"audioPlay":false,"sceneViewState":{"showFog":true,"showMaterialUpdate":true,"showSkybox":false,"showFlares":true,"showImageEffects":true,"showParticleSystems":true},"in2DMode":false,"pivot":{"x":0.5574835538864136,"y":-0.01920858770608902,"z":-0.8620868921279907},"rotation":{"x":-0.0502387098968029,"y":-0.044830549508333209,"z":0.0022607052233070137,"w":-0.9977505803108215},"size":1.1033058166503907,"orthographic":false}