{"cameraMode":{"drawMode":0,"name":"Shaded","section":"Shading Mode"},"sceneLighting":true,"audioPlay":false,"sceneViewState":{"showFog":true,"showMaterialUpdate":true,"showSkybox":true,"showFlares":true,"showImageEffects":true,"showParticleSystems":true},"in2DMode":false,"pivot":{"x":-0.35079360008239748,"y":-0.5201222896575928,"z":-0.4736461639404297},"rotation":{"x":-0.025805948302149774,"y":0.008094202727079392,"z":-0.00020887292339466512,"w":-0.9996352195739746},"size":2.7721989154815676,"orthographic":false}