{"cameraMode":{"drawMode":0,"name":"Shaded","section":"Shading Mode"},"sceneLighting":true,"audioPlay":false,"sceneViewState":{"showFog":true,"showMaterialUpdate":true,"showSkybox":true,"showFlares":true,"showImageEffects":true,"showParticleSystems":true},"in2DMode":false,"pivot":{"x":1.1359577178955079,"y":-0.7082974314689636,"z":0.09502029418945313},"rotation":{"x":-0.05428336560726166,"y":-0.0013993065804243088,"z":0.00008195756527129561,"w":-0.998536229133606},"size":4.819551467895508,"orthographic":false}