{"cameraMode":{"drawMode":0,"name":"Shaded","section":"Shading Mode"},"sceneLighting":true,"audioPlay":false,"sceneViewState":{"showFog":true,"showMaterialUpdate":true,"showSkybox":true,"showFlares":true,"showImageEffects":true,"showParticleSystems":true},"in2DMode":false,"pivot":{"x":-0.041310012340545657,"y":0.2101130336523056,"z":-0.12549147009849549},"rotation":{"x":-0.02675323188304901,"y":0.2001601606607437,"z":-0.005467636976391077,"w":-0.9793838858604431},"size":3.3777005672454836,"orthographic":false}