{"cameraMode":{"drawMode":0,"name":"Shaded","section":"Shading Mode"},"sceneLighting":true,"audioPlay":false,"sceneViewState":{"showFog":true,"showMaterialUpdate":true,"showSkybox":true,"showFlares":true,"showImageEffects":true,"showParticleSystems":true},"in2DMode":false,"pivot":{"x":-0.5497485399246216,"y":-0.15559858083724976,"z":-0.6152995824813843},"rotation":{"x":-0.036188673228025439,"y":-0.07876890897750855,"z":0.0028616280760616066,"w":-0.996233344078064},"size":2.6090426445007326,"orthographic":false}