{"cameraMode":{"drawMode":0,"name":"Shaded","section":"Shading Mode"},"sceneLighting":true,"audioPlay":false,"sceneViewState":{"showFog":true,"showMaterialUpdate":true,"showSkybox":true,"showFlares":true,"showImageEffects":true,"showParticleSystems":true},"in2DMode":false,"pivot":{"x":2.7233290672302248,"y":-0.08210134506225586,"z":0.6476860046386719},"rotation":{"x":-0.11318580061197281,"y":0.12297457456588745,"z":-0.014114162884652615,"w":-0.9858470559120178},"size":4.819551467895508,"orthographic":false}