{"cameraMode":{"drawMode":0,"name":"Shaded","section":"Shading Mode"},"sceneLighting":false,"audioPlay":false,"sceneViewState":{"showFog":true,"showMaterialUpdate":true,"showSkybox":false,"showFlares":true,"showImageEffects":true,"showParticleSystems":true},"in2DMode":false,"pivot":{"x":-0.33492088317871096,"y":-0.04307001084089279,"z":-0.7568613290786743},"rotation":{"x":-0.04571231082081795,"y":-0.05980418995022774,"z":0.002744884230196476,"w":-0.9971817135810852},"size":1.4033057689666749,"orthographic":false}