{"cameraMode":{"drawMode":0,"name":"Shaded","section":"Shading Mode"},"sceneLighting":true,"audioPlay":false,"sceneViewState":{"showFog":true,"showMaterialUpdate":true,"showSkybox":true,"showFlares":true,"showImageEffects":true,"showParticleSystems":true},"in2DMode":false,"pivot":{"x":1.077399730682373,"y":-0.17756617069244386,"z":4.337446689605713},"rotation":{"x":0.010690492577850819,"y":0.00259736948646605,"z":0.000031277621019398794,"w":-0.9999690055847168},"size":5.928430080413818,"orthographic":false}