{"cameraMode":{"drawMode":0,"name":"Shaded","section":"Shading Mode"},"sceneLighting":true,"audioPlay":false,"sceneViewState":{"showFog":true,"showMaterialUpdate":true,"showSkybox":true,"showFlares":true,"showImageEffects":true,"showParticleSystems":true},"in2DMode":false,"pivot":{"x":2.457083225250244,"y":-0.767021656036377,"z":0.007789492607116699},"rotation":{"x":0.021688979119062425,"y":0.002597783925011754,"z":0.00006190487329149619,"w":-0.9997811913490295},"size":3.919551134109497,"orthographic":false}